<?xml version="1.0"?>
<!DOCTYPE hibernate-mapping PUBLIC 
	"-//Hibernate/Hibernate Mapping DTD 3.0//EN"
	"http://hibernate.sourceforge.net/hibernate-mapping-3.0.dtd">
<hibernate-mapping package="cn.hxex.blog.model"> 

	<class name="Message" table="MESSAGE">
	
		<id name="id" column="ID" type="string">
           <generator class="uuid.hex"/>
		</id>
		
		<property name="title" column="TITLE"/>
		
		<property name="content" column="CONTENT" />
		
		<property name="pubdate" column="PUBDATE" />

		<many-to-one name="user"   column="USER_ID"/>

		<set name="replies" cascade="all" >
			<key column="MESSAGE_ID"/>
			<one-to-many class="ReplyMessage"/>
		</set>
				
	</class>
	
</hibernate-mapping>