<?xml version="1.0"?>
<!DOCTYPE hibernate-mapping PUBLIC 
	"-//Hibernate/Hibernate Mapping DTD 3.0//EN"
	"http://hibernate.sourceforge.net/hibernate-mapping-3.0.dtd">
	
<hibernate-mapping package="cn.hxex.blog.model"> 

	<class name="User" table="USERINFO">
	
		<id name="id" column="ID" type="string">
           <generator class="uuid.hex"/>
		</id>
		
		<property name="name" column="NAME"/>
		
		<property name="password" column="PASSWORD" />
		
		<set name="messages" inverse="true" cascade="save-update" >
			<key column="USER_ID"/>
			<one-to-many class="Message"/>
		</set>
		
	</class>

</hibernate-mapping>