<?xml version="1.0" encoding="UTF-8" ?>
<!DOCTYPE struts PUBLIC
    "-//Apache Software Foundation//DTD Struts Configuration 2.0//EN"
    "http://struts.apache.org/dtds/struts-2.0.dtd">

<struts>

    <constant name="struts.enable.DynamicMethodInvocation" value="true" />
    <constant name="struts.devMode" value="true" />
    <constant name="struts.i18n.reload" value="true" />
    <constant name="struts.configuration.xml.reload" value="true" />
    <constant name="struts.custom.i18n.resources" value="globalMessages" />
	<constant name="struts.url.includeParams" value="none" />

    <!-- Add packages here -->
    <package name="blog" extends="struts-default">
    	<action name="registInput">
    		<result>/regist.jsp</result>
    	</action>

    	<action name="regist" class="cn.hxex.blog.action.RegistAction">
    		<exception-mapping exception="cn.hxex.blog.exception.BlogDAOException" result="input"/>
    		<result name="input">/regist.jsp</result>
    		<result type="chain">homepage</result>
    	</action>

		<action name="logon" class="cn.hxex.blog.action.LogonAction">
			<result name="input">/index.jsp</result>
			<result type="chain">homepage</result>
		</action>
		
		<action name="homepage" class="cn.hxex.blog.action.HomepageAction">
			<result name="input">/index.jsp</result>
			<result>/homepage.jsp</result>
		</action>
		
		<action name="messageAdd">
			<result>/message_add.jsp</result>
		</action>
		
		<action name="messageSave" class="cn.hxex.blog.action.MessageSaveAction">
			<result name="input">/message_add.jsp</result>
			<result type="chain">homepage</result>
		</action>
		
		<action name="messageUpdate" class="cn.hxex.blog.action.MessageUpdateAction">
			<result name="input" type="chain">homepage</result>
			<result>/message_update.jsp</result>
		</action>
		
		<action name="messageSaveUpdate" class="cn.hxex.blog.action.MessageSaveUpdateAction">
			<result type="chain">homepage</result>
			<result name="input">/message_update.jsp</result>
		</action>
		
		<action name="messageDelete" class="cn.hxex.blog.action.MessageDeleteAction">
			<result type="chain">homepage</result>
		</action>
		
		<action name="replyDelete" class="cn.hxex.blog.action.ReplyDeleteAction">
			<result type="chain">homepage</result>
		</action>
		
		<action name="blog" class="cn.hxex.blog.action.BlogAction">
			<result>/blog.jsp</result>
		</action>
		
		<action name="replyAdd" class="cn.hxex.blog.action.ReplyAddAction">
			<result>/reply.jsp</result>
		</action>
		
		<action name="replySave" class="cn.hxex.blog.action.ReplySaveAction">
			<result type="redirect">/blog.action?user.name=aaa</result>
		</action>
    </package>

</struts>
